"hour_of_day","events","avg_delay","p90_delay"
"0","329794","50.1","231"
"1","198498","48.5","225"
"2","95716","81.1","312"
"3","49306","97.8","343"
"4","84036","36.9","209"
"5","371552","21.1","157"
"6","753861","23.6","170"
"7","903667","19.2","180"
"8","910277","26.1","208"
"9","829749","37.7","234"
"10","768270","47.5","254"
"11","752543","54.4","275"
"12","753298","69.7","309"
"13","769841","86.4","348"
"14","858304","96.1","381"
"15","969119","88.6","369"
"16","1033301","95.5","382"
"17","1060983","117.1","425"
"18","993875","131.9","458"
"19","807619","143.5","463"
"20","682901","141.5","347"
"21","607937","113.1","325"
"22","506397","81.4","298"
"23","434446","68.7","265"
